{
  "version": 2,
  "builds": [
    {
      "src": "server/index.ts",
      "use": "@vercel/node",
      "config": {
        "includeFiles": ["dist/public/**"]
      }
    }
  ],
  "routes": [
    {
      "src": "/api/(.*)",
      "dest": "/server/index.ts"
    },
    {
      "src": "/(.*\\.(js|css|png|jpg|jpeg|gif|svg|ico|woff|woff2|ttf|eot))",
      "dest": "/dist/public/$1",
      "headers": {
        "cache-control": "public, max-age=31536000, immutable"
      }
    },
    {
      "src": "/(.*)",
      "dest": "/server/index.ts"
    }
  ],
  "outputDirectory": "dist/public",
  "installCommand": "npm install",
  "buildCommand": "npm run build",
  "functions": {
    "server/index.ts": {
      "maxDuration": 30
    }
  }
} 